level	page_num	block_num	par_num	line_num	word_num	left	top	width	height	conf	text
1	1	0	0	0	0	0	0	3509	2481	-1	
2	1	1	0	0	0	333	159	3075	2209	-1	
3	1	1	1	0	0	333	159	3075	2209	-1	
4	1	1	1	1	0	2096	159	603	52	-1	
5	1	1	1	1	1	2096	159	258	52	91.864769	Кванториум
5	1	1	1	1	2	2535	173	164	31	78.809402	юноши,
4	1	1	1	2	0	2526	232	183	34	-1	
5	1	1	1	2	1	2526	232	183	34	96.639679	девушки
4	1	1	1	3	0	2525	278	192	35	-1	
5	1	1	1	3	1	2525	278	109	35	96.707764	15-17
5	1	1	1	3	2	2649	289	68	24	96.894577	лет
4	1	1	1	4	0	2505	336	225	44	-1	
5	1	1	1	4	1	2505	336	225	44	96.592392	Мужчины,
4	1	1	1	5	0	2514	404	208	29	-1	
5	1	1	1	5	1	2514	404	208	29	95.894615	женщины
4	1	1	1	6	0	352	448	2665	53	-1	
5	1	1	1	6	1	352	448	38	53	43.963451	Э,
5	1	1	1	6	2	774	453	318	44	96.327866	Всероссийские
5	1	1	1	6	3	1107	463	290	34	96.481117	соревнования
5	1	1	1	6	4	1771	451	166	46	96.309616	октябрь
5	1	1	1	6	5	2127	463	29	24	96.549576	г.
5	1	1	1	6	6	2173	453	150	34	96.308434	Вольск
5	1	1	1	6	7	2536	449	163	52	89.315125	юноши,
5	1	1	1	6	8	2951	452	66	34	96.438927	100
4	1	1	1	7	0	910	510	1799	45	-1	
5	1	1	1	7	1	910	510	239	36	92.874138	Робо-битва
5	1	1	1	7	2	1162	510	98	35	96.341743	2026
5	1	1	1	7	3	2526	521	183	34	96.284409	девушки
4	1	1	1	8	0	2525	568	192	34	-1	
5	1	1	1	8	1	2525	568	109	34	96.836670	15-17
5	1	1	1	8	2	2649	578	68	24	96.837273	лет
4	1	1	1	9	0	2461	624	314	43	-1	
5	1	1	1	9	1	2461	625	102	42	96.176208	Дети
5	1	1	1	9	2	2585	624	108	35	96.074974	12-14
5	1	1	1	9	3	2707	635	68	24	96.897095	лет
4	1	1	1	10	0	354	684	2376	45	-1	
5	1	1	1	10	1	354	685	36	34	96.805557	4.
5	1	1	1	10	2	741	685	235	34	96.857796	Чемпионат
5	1	1	1	10	3	990	685	257	44	96.398331	саратовской
5	1	1	1	10	4	1263	684	165	35	96.338623	области
5	1	1	1	10	5	1783	695	142	34	96.613808	апрель
5	1	1	1	10	6	2111	696	28	23	96.669838	г.
5	1	1	1	10	7	2157	684	181	45	96.781914	Саратов,
5	1	1	1	10	8	2506	685	224	44	94.710411	Мужчины,
4	1	1	1	11	0	566	752	2156	34	-1	
5	1	1	1	11	1	566	753	20	23	96.881760	в
5	1	1	1	11	2	601	752	254	29	93.195610	дисциплине
5	1	1	1	11	3	871	752	290	34	92.429054	«продуктовое
5	1	1	1	11	4	1176	752	428	34	96.299904	программирование»
5	1	1	1	11	5	2514	752	208	29	95.738876	женщины
4	1	1	1	12	0	355	863	2375	45	-1	
5	1	1	1	12	1	355	864	35	34	39.242691	5.
5	1	1	1	12	2	665	863	232	35	95.876717	Областные
5	1	1	1	12	3	912	874	290	34	96.618675	соревнования
5	1	1	1	12	4	1217	874	21	23	96.386536	в
5	1	1	1	12	5	1252	874	254	29	96.793015	дисциплине
5	1	1	1	12	6	1783	874	142	34	95.747704	апрель
5	1	1	1	12	7	2117	874	29	24	96.913139	г.
5	1	1	1	12	8	2163	863	170	45	96.264450	Саратов
5	1	1	1	12	9	2505	864	225	44	96.159180	Мужчины,
4	1	1	1	13	0	569	921	2158	46	-1	
5	1	1	1	13	1	569	932	428	35	96.870445	«программирование
5	1	1	1	13	2	1025	921	278	36	96.267174	беспилотных
5	1	1	1	13	3	1318	933	284	28	96.818352	авиационных
5	1	1	1	13	4	2508	932	219	31	95.104294	женщины,
4	1	1	1	14	0	1001	989	1698	31	-1	
5	1	1	1	14	1	1001	989	169	25	96.454185	систем»
5	1	1	1	14	2	2536	990	163	30	92.341667	юноши,
4	1	1	1	15	0	2526	1047	183	33	-1	
5	1	1	1	15	1	2526	1047	183	33	96.677856	девушки
4	1	1	1	16	0	2525	1095	192	34	-1	
5	1	1	1	16	1	2525	1095	109	34	96.676682	15-17
5	1	1	1	16	2	2649	1105	68	24	96.676682	лет
4	1	1	1	17	0	665	1207	2384	54	-1	
5	1	1	1	17	1	665	1211	232	35	96.319618	Областные
5	1	1	1	17	2	912	1222	290	34	96.369614	соревнования
5	1	1	1	17	3	1217	1223	21	22	96.369614	в
5	1	1	1	17	4	1252	1222	254	29	96.632416	дисциплине
5	1	1	1	17	5	1812	1222	98	34	96.585632	март
5	1	1	1	17	6	2111	1223	28	23	96.596115	г.
5	1	1	1	17	7	2157	1211	181	45	96.596115	Саратов,
5	1	1	1	17	8	2505	1207	225	54	96.177971	Мужчины,
5	1	1	1	17	9	2917	1211	47	35	96.596680	60
5	1	1	1	17	10	2979	1222	70	24	96.596680	чел
4	1	1	1	18	0	599	1267	2123	46	-1	
5	1	1	1	18	1	599	1279	427	34	96.217361	«программирование
5	1	1	1	18	2	1042	1279	143	24	96.671844	систем
5	1	1	1	18	3	1200	1267	372	46	96.364639	информационной
5	1	1	1	18	4	2104	1268	60	35	96.755821	СГУ
5	1	1	1	18	5	2214	1279	132	24	96.978218	имени
5	1	1	1	18	6	2514	1279	208	28	95.731804	женщины
4	1	1	1	19	0	931	1325	1336	35	-1	
5	1	1	1	19	1	931	1325	309	35	96.247780	безопасности»
5	1	1	1	19	2	2181	1326	86	34	31.628593	НёГ
4	1	1	1	20	0	2067	1385	316	44	-1	
5	1	1	1	20	1	2067	1385	316	44	91.786415	Чернышевског
4	1	1	1	21	0	2214	1452	22	24	-1	
5	1	1	1	21	1	2214	1452	22	24	71.007591	о
4	1	1	1	22	0	355	1498	2650	53	-1	
5	1	1	1	22	1	355	1502	35	34	86.943001	7.
5	1	1	1	22	2	583	1502	235	34	96.784744	Чемпионат
5	1	1	1	22	3	832	1501	269	45	96.656639	Саратовской
5	1	1	1	22	4	1117	1500	165	36	96.194481	области
5	1	1	1	22	5	1298	1512	20	23	96.194481	в
5	1	1	1	22	6	1332	1512	254	29	96.566772	дисциплине
5	1	1	1	22	7	1812	1512	98	34	96.710579	март
5	1	1	1	22	8	2111	1512	28	24	96.581650	г.
5	1	1	1	22	9	2157	1501	181	45	96.581650	Саратов,
5	1	1	1	22	10	2505	1498	225	53	95.910400	Мужчины,
5	1	1	1	22	11	2958	1501	47	35	92.314438	70
4	1	1	1	23	0	669	1557	2408	46	-1	
5	1	1	1	23	1	669	1569	387	34	92.066208	«алгоритмическое
5	1	1	1	23	2	1072	1569	429	34	96.641068	программирование»
5	1	1	1	23	3	2104	1558	95	35	96.680283	СГУ
5	1	1	1	23	4	2214	1569	132	24	96.986771	имени
5	1	1	1	23	5	2514	1569	208	28	96.422440	женщины
5	1	1	1	23	6	2889	1557	188	46	92.298531	(офлайн)
4	1	1	1	24	0	2182	1616	85	34	-1	
5	1	1	1	24	1	2182	1616	85	34	94.913452	Н.Г.
4	1	1	1	25	0	2068	1674	315	44	-1	
5	1	1	1	25	1	2068	1674	315	44	91.742821	Чернышевског
4	1	1	1	26	0	2214	1741	22	24	-1	
5	1	1	1	26	1	2214	1741	22	24	68.065422	о
4	1	1	1	27	0	360	1849	2364	45	-1	
5	1	1	1	27	1	360	1850	30	34	42.577042	1.
5	1	1	1	27	2	541	1849	233	35	96.029831	Областные
5	1	1	1	27	3	788	1860	290	34	96.745079	соревнования
5	1	1	1	27	4	1093	1849	282	44	96.436264	(пешеходные
5	1	1	1	27	5	1389	1849	240	44	96.268944	дистанции)
5	1	1	1	27	6	1782	1860	141	34	96.376526	январь
5	1	1	1	27	7	2096	1860	28	24	93.090042	г.
5	1	1	1	27	8	2141	1850	212	34	92.132187	Хвалынск
5	1	1	1	27	9	2511	1860	213	31	96.191574	мальчики,
4	1	1	1	28	0	2474	1907	288	42	-1	
5	1	1	1	28	1	2474	1918	171	29	96.471138	девочки
5	1	1	1	28	2	2662	1907	100	42	96.575401	8-13,
4	1	1	1	29	0	2536	1975	163	31	-1	
5	1	1	1	29	1	2536	1975	163	31	91.950500	юноши,
4	1	1	1	30	0	2455	2022	326	44	-1	
5	1	1	1	30	1	2455	2032	183	34	96.406502	девушки
5	1	1	1	30	2	2660	2022	121	40	95.689934	14-15,
4	1	1	1	31	0	2526	2091	183	34	-1	
5	1	1	1	31	1	2526	2091	183	34	96.640274	юниоры,
4	1	1	1	32	0	2459	2137	313	45	-1	
5	1	1	1	32	1	2459	2148	189	34	90.037521	юниорки
5	1	1	1	32	2	2669	2137	103	35	96.343689	16-21
4	1	1	1	33	0	2584	2205	69	28	-1	
5	1	1	1	33	1	2584	2205	69	28	93.418823	год
4	1	1	1	34	0	333	2243	3075	59	-1	
5	1	1	1	34	1	329	2239	78	85	62.399353	2.
5	1	1	1	34	2	442	2243	22	58	20.094109	—
5	1	1	1	34	3	477	2239	30	85	20.094109	[
5	1	1	1	34	4	534	2239	50	85	67.176682	Ей
5	1	1	1	34	5	605	2239	93	85	88.978569	этап
5	1	1	1	34	6	718	2239	121	85	96.056938	Кубка
5	1	1	1	34	7	860	2239	256	85	96.650314	Саратовской
5	1	1	1	34	8	1143	2239	164	85	71.761612	области
5	1	1	1	34	9	1327	2239	30	85	71.761612	в
5	1	1	1	34	10	1377	2239	263	85	93.804993	дисциплине:
5	1	1	1	34	11	1667	2239	30	85	55.062408	|
5	1	1	1	34	12	1717	2239	29	85	55.062408	_
5	1	1	1	34	13	1759	2239	193	85	95.230209	февраль
5	1	1	1	34	14	2000	2239	58	85	31.759300	|
5	1	1	1	34	15	2099	2239	235	85	12.078133	г.Энгель
5	1	1	1	34	16	2390	2239	43	85	81.893005	|
5	1	1	1	34	17	2489	2239	242	85	0.000000	мужчины
5	1	1	1	34	18	2794	2239	50	85	57.456123	|
5	1	1	1	34	19	2914	2243	107	58	57.456123	8
5	1	1	1	34	20	3119	2239	65	85	57.405350	|
5	1	1	1	34	21	3296	2243	112	58	57.405350	|
4	1	1	1	35	0	3260	2333	45	35	-1	
5	1	1	1	35	1	3260	2333	45	35	96.896378	60
